{"cameraMode":{"drawMode":0,"name":"Shaded","section":"Shading Mode"},"sceneLighting":true,"audioPlay":false,"sceneViewState":{"m_AlwaysRefresh":false,"showFog":true,"showSkybox":true,"showFlares":true,"showImageEffects":true,"showParticleSystems":true,"showVisualEffectGraphs":true,"m_FxEnabled":true},"in2DMode":false,"pivot":{"x":-12.79121208190918,"y":2.6089158058166506,"z":1240.268798828125},"rotation":{"x":0.12464415282011032,"y":0.7029455900192261,"z":-0.12676392495632173,"w":0.6888231039047241},"size":0.8660253882408142,"orthographic":false}