{"cameraMode":{"drawMode":0,"name":"Shaded","section":"Shading Mode"},"sceneLighting":false,"audioPlay":false,"sceneViewState":{"m_AlwaysRefresh":false,"showFog":true,"showSkybox":false,"showFlares":true,"showImageEffects":true,"showParticleSystems":true,"showVisualEffectGraphs":true,"m_FxEnabled":true},"in2DMode":false,"pivot":{"x":-0.0455319881439209,"y":-1.2320289611816407,"z":0.4934643507003784},"rotation":{"x":0.09146810322999954,"y":-0.3431370258331299,"z":0.03391679748892784,"w":0.9342460036277771},"size":28.643348693847658,"orthographic":false}